date,type,time,name,room
2026-09-28,ISPIT,16:00,OSNOVI BEZBJEDNOSTI,Amfiteatar 2
2026-09-28,ISPIT,16:00,SPECIJALNO FIZIČKO VASPITANJE KAO ASPEKT BEZBJEDNOSTI 1,Učionica 1 - prizemlje
2026-09-28,ISPIT,16:00,BEZBJEDNOST U SPORTU,Učionica 1 - prizemlje
2026-09-28,ISPIT,16:00,SISTEMI BEZBJEDNOSTI,Amfiteatar 2
2026-09-28,ISPIT,16:00,SPECIJALNO FIZIČKO VASPITANJE KAO ASPEKT BEZBJEDNOSTI 2,Učionica 1 - prizemlje
2026-09-28,ISPIT,10:00,ORGANIZACIJA I POSLOVI POLICIJE,Amfiteatar 2
2026-09-28,ISPIT,16:00,SPECIJALNO FIZIČKO VASPITANJE KAO ASPEKT BEZBJEDNOSTI 3,Učionica 1 - prizemlje
2026-09-28,ISPIT,10:00,SOCIOLOGIJA,Učionica 1 - prizemlje
2026-09-28,ISPIT,10:00,SOCIJALNA PATOLOGIJA,Učionica 1 - prizemlje
2026-09-28,ISPIT,17:00,FINANSIJSKA TRŽIŠTA I BERZE,Amfiteatar 1
2026-09-28,ISPIT,12:30,POSLOVNA LOGISTIKA,Učionica 1 - prizemlje
2026-09-28,ISPIT,17:00,POSLOVNO BANKARSTVO,Amfiteatar 1
2026-09-28,ISPIT,10:00,SOCIOLOGIJA POSLOVANJA,Učionica 1 - prizemlje
2026-09-28,ISPIT,12:30,LOGISTIKA PROIZVODNJE,Učionica 1 - prizemlje
2026-09-28,ISPIT,12:00,MAŠINSKE KONSTRUKCIJE,Učionica 1 - prizemlje
2026-09-28,ISPIT,13:00,AUTOMATIKA I AUTOMATIZACIJA U PROIZVODNJI,Učionica 1 - prizemlje
2026-09-28,ISPIT,14:30,ALATI I PRIBORI,Učionica 1 - prizemlje
2026-09-28,ISPIT,14:00,TEHNOLOGIJE ZAVARIVANJA I TERMIČKE OBRADE,Učionica 1 - prizemlje
2026-09-28,ISPIT,10:00,SOCIOLOGIJA POSLOVNJA,Učionica 1 - prizemlje
